{
	"LongstrikeReload": {
		"category" : "player",
		"sounds" : [ "flansmod:RemingtonShoot" ]
	},
	
	"LongstrikeShoot": {
		"category" : "player",
		"sounds" : [ "flansmod:ArmyReload" ]
	},
	
	"MaverickReload": {
		"category" : "player",
		"sounds" : [ "flansmod:PPSHShoot" ]
	},
	
	"MaverickShoot": {
		"category" : "player",
		"sounds" : [ "flansmod:PPSHReload" ]
	},
	
	"NitronReload": {
		"category" : "player",
		"sounds" : [ "flansmod:SpringfieldShoot" ]
	},
	
	"NitronShoot": {
		"category" : "player",
		"sounds" : [ "flansmod:kar98kReload" ]
	},
	
	"PraxisReload": {
		"category" : "player",
		"sounds" : [ "flansmod:leeEnfieldReload" ]
	},
	
	"PraxisShoot": {
		"category" : "player",
		"sounds" : [ "flansmod:M1014Shoot" ]
	},
	
	"PyragonReload": {
		"category" : "player",
		"sounds" : [ "flansmod:lugerReload" ]
	},
	
	"PyragonShoot": {
		"category" : "player",
		"sounds" : [ "flansmod:mp44Shoot" ]
	},
	
	"RaiderReload": {
		"category" : "player",
		"sounds" : [ "flansmod:webleyShoot" ]
	},
	
	"RaiderShoot": {
		"category" : "player",
		"sounds" : [ "flansmod:5BulletReload" ]
	},
	
	"RampageReload": {
		"category" : "player",
		"sounds" : [ "flansmod:mp40Shoot" ]
	},
	
	"RampageShoot": {
		"category" : "player",
		"sounds" : [ "flansmod:m1carbineShoot" ]
	},
	
	"ReconReload": {
		"category" : "player",
		"sounds" : [ "flansmod:m1carbineReload" ]
	},
	
	"ReconShoot": {
		"category" : "player",
		"sounds" : [ "flansmod:Type38Shoot" ]
	},
	
	"RetaliatorReload": {
		"category" : "player",
		"sounds" : [ "flansmod:TT33Shoot" ]
	},
	
	"RetaliatorShoot": {
		"category" : "player",
		"sounds" : [ "flansmod:m1garandShoot" ]
	},
	
	"StampedeReload": {
		"category" : "player",
		"sounds" : [ "flansmod:Type100Shoot" ]
	},
	
	"StampedeShoot": {
		"category" : "player",
		"sounds" : [ "flansmod:stenReload" ]
	},
	
	"StrongarmShoot": {
		"category" : "player",
		"sounds" : [ "flansmod:ArmyShoot" ]
	},
	
	"StryfeReload": {
		"category" : "player",
		"sounds" : [ "flansmod:RemingtonShoot" ]
	},
	
	"StryfeShoot": {
		"category" : "player",
		"sounds" : [ "flansmod:webleyReload" ]
	},
	
	"VulcanReload": {
		"category" : "player",
		"sounds" : [ "flansmod:VulcanReload" ]
	},
	
	"VulcanShoot": {
		"category" : "player",
		"sounds" : [ "flansmod:VulcanShoot" ]
	}
}